98001,18.59,Auburn,47.309900,-122.265300
98002,17.93,Auburn,47.305000,-122.206700
98003,18.99,Federal Way,47.320300,-122.311700
98004,6.67,Bellevue,47.615500,-122.207200
98005,5.32,Bellevue,47.615000,-122.166300
98006,2.75,Bellevue,47.561400,-122.155200
98007,4.88,Bellevue,47.617400,-122.142600
98008,4.09,Bellevue,47.611500,-122.116200
98009,6.21,Bellevue,47.610400,-122.200700
98010,17.29,Black Diamond,47.311400,-122.005300
98011,14.62,Bothell,47.749700,-122.215900
98013,20.44,Burton,47.389000,-122.460700
98014,10.45,Carnation,47.638000,-121.911100
98015,6.21,Bellevue,47.610400,-122.200700
98019,13.99,Duvall,47.725000,-121.936900
98022,20.08,Enumclaw,47.266500,-122.031400
98023,20.85,Federal Way,47.310400,-122.361200
98024,9.73,Fall City,47.568200,-121.889600
98025,10.81,Hobart,47.421800,-121.972900
98027,5.61,Issaquah,47.497400,-122.010700
98028,15.52,Kenmore,47.754200,-122.247500
98029,4.29,Issaquah,47.558500,-122.005500
98030,12.71,Kent,47.386600,-122.210900
98031,12.30,Kent,47.388000,-122.193200
98032,15.01,Kent,47.377600,-122.285400
98033,9.64,Kirkland,47.678600,-122.189400
98034,12.31,Kirkland,47.718800,-122.196600
98035,13.56,Kent,47.380900,-122.234800
98038,11.84,Maple Valley,47.384500,-122.057400
98039,8.04,Medina,47.626900,-122.231400
98040,6.12,Mercer Island,47.560300,-122.228100
98041,15.27,Bothell,47.762300,-122.205400
98042,12.88,Kent,47.368000,-122.120600
98045,16.77,North Bend,47.475500,-121.757100
98047,20.98,Pacific,47.266600,-122.243500
98050,7.84,Preston,47.536000,-121.931200
98051,17.68,Ravensdale,47.340700,-121.887400
98052,8.25,Redmond,47.671800,-122.123200
98053,6.95,Redmond,47.646200,-122.038600
98055,8.01,Renton,47.464800,-122.207500
98056,5.09,Renton,47.507300,-122.181900
98057,8.08,Renton,47.471400,-122.220300
98058,7.50,Renton,47.446500,-122.121600
98059,3.42,Renton,47.505800,-122.115700
98062,13.67,Seahurst,47.469300,-122.362100
98063,18.89,Federal Way,47.322300,-122.312600
98064,13.56,Kent,47.380900,-122.234800
98065,12.92,Snoqualmie,47.529300,-121.822500
98070,19.28,Vashon,47.425900,-122.464400
98071,18.10,Auburn,47.307300,-122.228500
98072,14.90,Woodinville,47.768400,-122.127100
98073,8.39,Redmond,47.674000,-122.121500
98074,5.49,Sammamish,47.625400,-122.046200
98075,3.66,Sammamish,47.585700,-122.034500
98083,10.24,Kirkland,47.681500,-122.208700
98089,12.52,Kent,47.387100,-122.202300
98092,18.33,Auburn,47.288400,-122.098000
98093,16.79,Federal Way,47.311000,-122.113800
98101,11.58,Seattle,47.611400,-122.330500
98102,11.69,Seattle,47.630200,-122.321000
98103,14.10,Seattle,47.673300,-122.342600
98104,11.19,Seattle,47.603600,-122.325600
98105,12.19,Seattle,47.663300,-122.302200
98106,12.08,Seattle,47.534400,-122.354700
98107,15.29,Seattle,47.670100,-122.376300
98108,10.10,Seattle,47.541300,-122.312900
98109,12.92,Seattle,47.633900,-122.347600
98111,11.53,Seattle,47.606200,-122.332100
98112,10.71,Seattle,47.630100,-122.297200
98113,13.98,Seattle,47.671600,-122.341100
98114,11.53,Seattle,47.606200,-122.332100
98115,12.98,Seattle,47.684900,-122.296800
98116,13.88,Seattle,47.574600,-122.393400
98117,15.98,Seattle,47.687300,-122.377200
98118,8.34,Seattle,47.541200,-122.275000
98119,13.74,Seattle,47.637900,-122.364300
98121,12.29,Seattle,47.615100,-122.344700
98122,10.50,Seattle,47.611600,-122.305600
98124,11.53,Seattle,47.606200,-122.332100
98125,14.76,Seattle,47.717000,-122.301500
98126,12.90,Seattle,47.544400,-122.373500
98127,11.48,Seattle,47.606300,-122.330800
98129,11.53,Seattle,47.606200,-122.332100
98131,11.53,Seattle,47.606200,-122.332100
98133,17.11,Seattle,47.737700,-122.343100
98134,10.97,Seattle,47.590300,-122.326300
98136,13.59,Seattle,47.539800,-122.387800
98138,11.53,Seattle,47.606200,-122.332100
98139,15.51,Seattle,47.647300,-122.399900
98141,12.29,Seattle,47.615700,-122.344500
98144,9.71,Seattle,47.584600,-122.300500
98145,11.53,Seattle,47.606200,-122.332100
98146,12.83,Seattle,47.499500,-122.360300
98148,13.05,Seattle,47.444100,-122.324900
98154,11.53,Seattle,47.606200,-122.332100
98155,16.87,Seattle,47.755900,-122.300300
98158,12.17,Seattle,47.449700,-122.307600
98160,11.53,Seattle,47.606200,-122.332100
98161,11.53,Seattle,47.606200,-122.332100
98164,11.52,Seattle,47.606000,-122.332000
98165,14.68,Seattle,47.716100,-122.300400
98166,13.89,Seattle,47.451100,-122.353000
98168,10.52,Seattle,47.488900,-122.301200
98170,11.59,Seattle,47.609600,-122.331700
98174,11.53,Seattle,47.606200,-122.332100
98175,14.68,Seattle,47.716100,-122.300400
98177,18.37,Seattle,47.746700,-122.368600
98178,7.73,Seattle,47.492400,-122.235900
98181,11.53,Seattle,47.606200,-122.332100
98185,11.53,Seattle,47.606200,-122.332100
98188,10.98,Seattle,47.448300,-122.273100
98190,11.53,Seattle,47.606200,-122.332100
98191,11.53,Seattle,47.606200,-122.332100
98194,11.18,Seattle,47.602400,-122.326000
98195,11.99,Seattle,47.656400,-122.304800
98198,15.00,Seattle,47.392900,-122.312900
98199,15.41,Seattle,47.648800,-122.396400
98061,23.97,Rollingbay,47.680800,-122.576200
98110,21.54,Bainbridge Island,47.647800,-122.538000
98310,25.05,Bremerton,47.601900,-122.629900
98311,25.67,Bremerton,47.627100,-122.637300
98312,27.95,Bremerton,47.575400,-122.695800
98314,25.74,Bremerton,47.559300,-122.649200
98322,26.63,Burley,47.417900,-122.631000
98337,25.20,Bremerton,47.568600,-122.637300
98342,23.94,Indianola,47.751400,-122.519600
98345,26.54,Keyport,47.698000,-122.625500
98346,26.69,Kingston,47.810800,-122.525500
98353,24.65,Manchester,47.595200,-122.622500
98359,24.02,Olalla,47.424100,-122.574500
98366,22.86,Port Orchard,47.542700,-122.587100
98367,26.47,Port Orchard,47.470700,-122.651000
98370,27.92,Poulsbo,47.742300,-122.627700
98378,23.98,Retsil,47.545900,-122.611200
98383,28.98,Silverdale,47.662100,-122.698100
98384,20.75,South Colby,47.521800,-122.539600
98386,18.99,Southworth,47.510400,-122.499100
98392,24.79,Suquamish,47.734300,-122.557300
98393,26.25,Tracyton,47.626700,-122.650000
98321,27.78,Buckley,47.152400,-122.062100
98332,27.01,Gig Harbor,47.360700,-122.600100
98335,29.63,Gig Harbor,47.300200,-122.608400
98354,23.44,Milton,47.248300,-122.315500
98371,26.54,Puyallup,47.199100,-122.315100
98372,25.52,Puyallup,47.204200,-122.273400
98374,29.49,Puyallup,47.142400,-122.265200
98385,28.70,South Prairie,47.138300,-122.096800
98390,24.53,Sumner,47.209900,-122.228000
98391,28.55,Bonney Lake,47.143000,-122.164400
98395,28.19,Wauna,47.379000,-122.642600
98401,26.33,Tacoma,47.253700,-122.444300
98402,26.18,Tacoma,47.254500,-122.440500
98403,26.15,Tacoma,47.264300,-122.457500
98404,27.88,Tacoma,47.211300,-122.412600
98405,27.20,Tacoma,47.248400,-122.464300
98406,27.50,Tacoma,47.263200,-122.499300
98407,26.70,Tacoma,47.282500,-122.503900
98408,28.93,Tacoma,47.207300,-122.444400
98411,26.37,Tacoma,47.252900,-122.444300
98412,26.37,Tacoma,47.252900,-122.444300
98413,26.37,Tacoma,47.252900,-122.444300
98415,26.37,Tacoma,47.252900,-122.444300
98416,26.89,Tacoma,47.264600,-122.482100
98418,28.08,Tacoma,47.223200,-122.446500
98421,24.42,Tacoma,47.266400,-122.401500
98422,22.76,Tacoma,47.294800,-122.398300
98424,25.36,Tacoma,47.232500,-122.359400
98431,26.37,Tacoma,47.252900,-122.444300
98438,28.56,Mcchord Afb,47.225800,-122.469000
98443,27.36,Tacoma,47.204400,-122.372800
98464,26.37,Tacoma,47.252900,-122.444300
98465,29.11,Tacoma,47.249100,-122.527300
98471,26.37,Tacoma,47.252900,-122.444300
98481,26.37,Tacoma,47.252900,-122.444300
98493,26.37,Tacoma,47.252900,-122.444300
98012,20.33,Bothell,47.840100,-122.197200
98020,21.63,Edmonds,47.806100,-122.372400
98021,17.48,Bothell,47.791800,-122.224300
98026,22.20,Edmonds,47.835300,-122.327000
98036,19.44,Lynnwood,47.804900,-122.285500
98037,21.58,Lynnwood,47.839200,-122.285500
98043,19.23,Mountlake Terrace,47.793300,-122.307600
98046,21.06,Lynnwood,47.820900,-122.315100
98077,13.88,Woodinville,47.752900,-122.058200
98082,21.75,Mill Creek,47.860100,-122.204300
98087,22.50,Lynnwood,47.862000,-122.253200
98203,27.44,Everett,47.941900,-122.221800
98204,25.03,Everett,47.901700,-122.247200
98206,22.88,Everett,47.859900,-122.284800
98207,29.79,Everett,47.979000,-122.202100
98208,24.03,Everett,47.894800,-122.198700
98213,27.70,Everett,47.945100,-122.226900
98251,28.84,Gold Bar,47.833100,-121.636500
98272,22.18,Monroe,47.858500,-121.947400
98275,27.03,Mukilteo,47.919900,-122.301900
98290,23.64,Snohomish,47.895400,-122.071600
98291,24.68,Snohomish,47.909500,-122.050100
98293,26.68,Startup,47.870300,-121.768500
98294,26.93,Sultan,47.858900,-121.736900
98296,21.02,Snohomish,47.857900,-122.092000
